<?xml version="1.0" encoding="UTF-8" ?>
<!DOCTYPE mapper
        PUBLIC "-//mybatis.org//DTD Mapper 3.0//EN"
        "https://mybatis.org/dtd/mybatis-3-mapper.dtd">
<mapper namespace="com.itheima.mapper.EmpMapper">
    <!-- 这里的.xml文件是实现动态SQL时，编写SQL语句的文件，会和EmpMapper接口进行映射
    其中<select, delete, where, if >等标签都是Mybatis提供的动态SQL标签
    中间件考试要求会使用这些标签进行SQL语句的实现-->

<!--    where 标签：表示拼接where 子句
if标签：表示条件判断-->
    <select id="selectPage" resultType="com.itheima.pojo.Emp">
        SELECT * FROM emp
        <where>
            <if test="name != null and name != ''">
                NAME LIKE CONCAT('%', #{name},'%')
            </if>
            <if test="gender != null" >
                AND gender = #{gender}
            </if>
            <if test="begin != null and end != null">
                AND entrydate BETWEEN #{begin} AND #{end}
            </if>
        </where>
        order by update_time desc
    </select>


<!--    foreach标签：表示的是集合遍历标签，与In语句进行拼接
下面的语句还原成SQL语句为 delete from emp where id in (x, x, x)-->
    <delete id="delete">
        delete from emp where id in 
        <foreach collection="ids" item="id" open="(" close=")" separator=",">
            #{id}
        </foreach>
    </delete>

<!--    update标签， 使用set和if标签进行字段更新， #{}表示占位符-->
    <update id="update">
        update emp
        <set>
            <if test="username != null and username != ''">
                username = #{username},
            </if>
            <if test="password != null and password != ''">
                password = #{password},
            </if>
            <if test="name != null and name != ''">
                name = #{name},
            </if>
            <if test="gender != null">
                gender = #{gender},
            </if>
            <if test="image != null and image != ''">
                image = #{image},
            </if>
            <if test="job != null">
                job = #{job},
            </if>
            <if test="entrydate != null">
                entrydate = #{entrydate},
            </if>
            <if test="deptId != null">
                dept_id = #{deptId},
            </if>
            <if test="updateTime != null">
                update_time = #{updateTime}
            </if>
        </set>
        where id = #{id}
    </update>

</mapper>